id,Tweet
7921,I hate the new #iphone upgrade. Won't let me download apps. #ugh #apple sucks
7922,currently shitting my fucking pants. #apple #iMac #cashmoney #raddest #swagswagswag http://instagr.am/p/UUIS0bIBZo/
7923,"I'd like to puts some CD-ROMS on my iPad, is that possible?' — Yes, but wouldn't that block the screen?
"
7924,"My ipod is officially dead. I lost all my pictures and videos from the 1D and 5sos concert,and from Vet Camp #hatinglife #sobbing"
7925,Been fighting iTunes all night! I only want the music I $&@*# paid for
7926,#Repost @getbakednfried with repostapp ・・・ to announce we will have our #apple #bourbon… https://www.instagram.com/p/BK5okHOgWSS/
7927,This new apple software update is really doing things to my phone. Bad things apple
7928,BABY #iPhone #iphone6s #gold #new #apple #appleisbest #64GB #gegönnt #aaaaah https://www.instagram.com/p/BAUx8eQtKez/
7929,I'm confused...why did I have to take the time to set a appointment. To still be waiting her 45 minutes after the fact
7930,Fruit just tastes better when you pick it yourself. #apple #healthy #fruit #nyc by … http://ift.tt/1RI7dyo pic.twitter.com/ZuO9tHmEK3
7931,Con mi buddy#edgar #buddy #friend #viviendo #taller #friendly #hug #sony #smile #sonrisa http://instagram.com/p/fasVZruzQI/
7932,#MyMomIsGreatBecause she always care about me! And do anything for me #FOLLOW #MothersDay #MustFollow mothersday #iPhone #tweet
7933,"#kiss,,#romance,#hot,#movie,#iphone,#sex,#porn Lustful Mature Woman Is Getting Nailed Intensively In A Mission http://bit.ly/SPBTUR"
7934,Holding to hope when a loved one is… http://dlvr.it/LQjnNj #news #photography #fashion #health #fail #tech #ipad #iphone #funny #lol
7935,New phone case :) #Me #Selfie #Guy #Dude #Smiles #Teeth #Cute #Samsung #GalaxyS3 #British #Flag #Vint http://instagr.am/p/Q_dqXztofj/
7936,this #shoot from my #son (10) at #Swarovski #Kristallwelten. #Photo #iPhone 6plus @ Swarovski… https://instagram.com/p/3UbQKNoL6-/
7937,"Found this photo of ME! Not mine, still its ME!It's new( ´艸｀)♡ #snoopy #apple #cup #character #cute #… http://ift.tt/1EumWb8"
7938,"10 fucking iPhone chargers && none work, is this a fucking joke?! Thank god my ihome works....for now #apple"
7939,I can't buy a song off iTunes w/o having to go through 50 fucking security verifications
7940,Check out the Justin Layman #app http://rvrb.fm/g8bVu8 /via #iPhone #android #JLay #music #newmusic #fb #original #CMTAwa... @Jwlayman
7941,Good morning golden October #me #new #RoseGold #coffee #gorgeous #iPhone6s #64Gb #Apple #lucky pic.twitter.com/IQhEgeE4S0
7942,Got to ride my horse properly for the first time in ages today #Horse #Look #It #iPhone… https://instagram.com/p/81NvEAN005/
7943,Got my iPhone screen fixed..get into bed phone falls *CRACKED* what a $&@*# iphone
7944,Samsung permanently stops Galaxy Note 7 production Read More:- https://goo.gl/FKTTje #Samsung #SamsungBlast #GalaxyNote7pic.twitter.com/HMWz5fGCMq
7945,can I just add that right after I tweeted about wanting to jailbreak my iPhone it became unresponsive? #hateitunes
7946,#2do one of the best apps for the #iphone it :)
7947,15% DISCOUNT https://bit.ly/2vUfGuH #zazzle #promo #promocode #discount #honey #iphone #phonecase #iphonex #yellow #summer #goodvibes #positivevibes #ThursdayAesthetic #cool #trending #cute #fashion #stylish #teen #hippie #summervibes #vacation #lifestyle #ukpic.twitter.com/tjlY0AVvIU
7948,Reposting @lexzaronis: “If you want to see the sunshine you have to weather the storm” #explore #landscape #photographer #beautiful #outdoors #getoutandexplore #slowingitdown #ludapix #photography #england #apple #mac #macbookpro #hashtag #nofilter #igers #nikkor #becausepic.twitter.com/GvRl5pG0SB
7949,"My iPhone 5 charger has broken. I bought two new chargers, but they are fake and faulty :( #lame #apple"
7950,Tapeless!!!? Just call me crazy! Lol... #jj #share #smile #iphone #igdaily #instagram #instadaily #in http://instagr.am/p/ORnza8Q7qu/
7951,I don't remember my phone crashing this much before iOS8 thanks @Apple #Apple #StillBetterThanAndroid
7952,Will #stevejobs be how the #appleevent #applespecialevent on @YouTube got Bugged... #iphonex #iphone8pic.twitter.com/PZw9d9fVBX
7953,Sunset One Minute Ago ;-) #europe #zeeland #samsung #sunset #brouwersdam #zandzuigerpic.twitter.com/DDrVJKvGrM
7954,Photo: #Coldplay #VidaLaVida #spotify #music #musica #MotoX #Motorola #feliz #verygood #best #amo... http://tmblr.co/ZB46dn1KiQVxp
7955,Gain Followers RT This MUST FOLLOW ME I FOLLOW BACK Follow everyone who rts Gain #iphone #sougofollow qtl&
7956,"So, the iPhone4 requires you to have a sim-card to activate it, but 99.9% of its functionality works fine without one. #apple"
7957,I actually hate my ipad its such a useless piece of shitttt that never works!!!!!
7958,Gain Followers RT This MUST FOLLOW ME I FOLLOW BACK Follow everyone who rts Gain #iphone #sougofollow c8z3
7959,"#Doug #Robinson #Exits #Madison, #Launches New #Sony TV-Based #Banner – http://styleveryday.com/2017/07/18/doug-robinson-exits-happy-madison-launches-new-sony-tv-based-banner/ … – #TVBasedpic.twitter.com/vG1m4XfKI8"
7960,Sunset #vocation #newyear #trip #thailand #khaoko #a6000 #ILCE6000 #sony #vsco #snapspeed… http://instagram.com/p/xcp9Zor6W9/
7961,Happy Birthday Candy :)...#birthday #daughter #rainbow #cake #big #motorola #photon #android http://instagr.am/p/MqQDlQD_gp/
7962,I'm now listed on @listorious! Check it out at http://listorious.com/IntenseMedia #writing #mobile #iphone #iphoneapps #appolicious
7963,I love you grandma #instadaily #ig #iphonegraphy #iphonesia #iphone #indonesia #instagramhub #igers #i http://instagr.am/p/Iw1Gv-Iaa3/
7964,Having to restore my IPhone from scratch... Despite back up lets see how much I loose this time !?!
7965,"Love new @sonyelectronics earphones, enjoying music #Sony #earphone #music #freak… https://instagram.com/p/05CH91xU29/"
7966,#organic #farming #orange and #apple #snack *for more high quality photos… https://www.instagram.com/p/BHPAdCnDYtz/
7967,Fellow passenger owns @oneplus One introduced myself and happen to speak how amazing the big boy is! #OnePlus growing strong!
7968,"New dress, thanks to momma #apple #dress #littleblackdress #dresses #bestmomma #cute #beautiful ... http://dlvr.it/5PJzxv"
7969,Finally got the android 2.1 update for the moto milestone :) happy but came 2 weeks late :S #android #motorola
7970,"ok. second time in seven days that my #apple #magicmouse batteries need to be replaced. #thisaintright #apple xoxo, antigirl"
7971,Apple sucks. Just spent like 2 hrs getting my 80 yr old grandparents iphones setup #Ridiculous #PC and #Samsung #WhereItsAt
7972,HEAVENSTRIKE RIVALS - http://greenrobot-apps.net/3607-heavenstrike-rivals-izuchi-boevuyu-sistemu.html … #Андроид #Android #Games #News #IOS #Apple #iPhone
7973,New phone case #phone #case #sony #xperia #england #keep #calm #and #carry #on #nofilter… http://instagram.com/p/cgaJeyxn3E/
7974,Gain Followers RT This MUST FOLLOW ME I FOLLOW BACK Follow everyone who rts Gain #iphone #sougofollow m63q
7975,"I have been waiting for #Apple to create a ""night mode"" for a long time #ThankYou #iPhone"
7976,@DavidMuir #Made in USA. Just watched#ABCWorldNews #felt very to know #Walmart and #Apple manufacturing in the #USA.
7977,Dear Idiot Who Designed The IPhone 6 and put the on/off button on the side opposite the volume #apple
7978,Shame on you #HenryLouisGates and #FuckYou #Batman #BenAffleck #FindinfOurRoots #slavery #anscestors #PBS #SONY #Lac… http://flip.it/1QEsF
7979,We have the best #deals & new phones! Let us get you #beach ready! #MyrtleBeach #airpods are here! #UnlimitedPlus #iPhoneX #halfoff #addaline extended! #FlashbackFriday #BeExtraordinary #smallbiz #SmallBusiness #Customerobsessed #Motivated #FridayFeeling #PositiveVibes pic.twitter.com/7Bj0S3EV3A
7980,Anyone happen to know where I can get an Xbox one or PS4 #Sony #Microsoft #stock the fucking stores
7981,Maza #me #friend #tiago #maza #apple @ Apple Bs As https://instagram.com/p/7A6FtXOMvM/
7982,"#PlayStation 4 by #Sony http://www.amazon.com/gp/product/B00BGA9WK2?ie=UTF8&camp=213733&creative=393177&creativeASIN=B00BGA9WK2&linkCode=shr&tag=httpstwitter.comlindsaytweets1-20&qid=1361743291&sr=8-1&keywords=playstation+4 … via @amazon I , #movies, #sports, #music, #gaming, #youtube! #Shopping! xxoo M"
7983,New phone whoop whoop #sony #ericson #z1compact #white #yay #new #phone http://instagram.com/p/tDT58wl5tT/
7984,iRobot // #vsco #vscogood #vscocam #igers #minimal #robot #art #vscomood #vscoonly #vscooptic #iphone #heart …pic.twitter.com/1obPe7wHjJ
7985,Want to love match with your iPhone?? Buy LoveMatcher http://itun.es/iFy9WZ #iPhone
7986,#intagram #intalove #house #birds # bird #sun #ohana #hastags #iphone #iphonesia #vicio #instagood #su http://instagr.am/p/PKPtDJltc3/
7987,"Cool, play store. You can work now that I'm not tryna get MCHG for free. #samsung #droid"
7988,@snm244 letsss hope its not even more broken this time #macbookpro #apple @kc_kelleher
7989,#badportfolio Fix it Here. A best outlook #Website create more viewer... https://goo.gl/RGNqXo #jobs #business #sales #economy #marketing #socialmedia #iphone #ipad #DigitalMarketing #SMM #portfolio #outsourcing #onlinebusinesspic.twitter.com/qzlBXed0zr
7990,That fact that I can't get my phone till 2 days<<<
7991,Watchception #amazing #beautiful #nature #photo #art #nyc #summer #sun #fashion #travel #photooftheday #fun #photography #instagood #instamood #nike #apple #bestofthedaypic.twitter.com/I5DsQJPiKE
7992,Finally a phone! #family #parents #phone #apple #iphone #amen #christmas http://instagram.com/p/iWPlsOkqSG/
7993,"@ellencope22 NOPE, I had to do it manually this morning, after I missed my class"
7994,My phone Siri is a super freak! Lol #iphone #apple #phoneporn #instagram #fun http://instagram.com/p/b7NrxyMjps/
7995,Ha! Screw you iTunes I will not be defeated when you get rid of my library!
7996,Playing some #gravityrush on my #sony #psvita. Fun game. #instagamer #retrocollective… https://www.instagram.com/p/BBNXBumkhMI/
7997,so excited to see my @michellewes4L and get my #iphone tomorrow:)
7998,"Zebra ""LOVE"" for your #iPad & #iPhone http://bit.ly/n70dJl Get FREE economy shipping on $50 orders Use Code... http://ff.im/-HPXva"
7999,"#iPhone users, are you looking for this #Valentines day? Well, your search is over ;) Try #MyVirtualGirlfriend! http://itunes.apple.com/app/myvirtualgirlfriend/id369849199 …"
8000,My phone fucking sucks and is broken after only 6 months #apple #iphone
8001,This $&@*# happy af he just got his #galaxy4 ! @MickJaggaMusic Lol #samsung #nofilter http://instagram.com/p/bPB2gpEdwW/
8002,"Let's make a laptop that has no ventilation, substandard parts, and encase it in plastic/metal. why'd I buy this again?#greatidea"
8003,Block Story - http://greenrobot-apps.net/215-block-story-izumitelnyy-kubichnyy-mir.html … #Андроид #Android #Games #News #IOS #Apple #iPhone
8004,This siri commercial cracks me up. Siri sucks ass. Lolol #Snort #SamsungBaby
8005,$18.00 Ray Ban RB4125 Cats 5000 Brown https://tinyurl.com/yag2udsk #good #mood #mirror #mirrorvideo #me #life #instagram #toptags #instalike #like #follow #sing #singer #singing #music #nike #kipsta #legea #iphonex #raybanpic.twitter.com/WTsdTjebE7
8006,"#Apple, why the $&@*# you didn't create a wireless charger for iPhone? I've to charge it again and again."
8007,10Pcs Exquisite Squishy Random Charm in http://ebay.to/2yI9MR7 #iPhone Straps #Toys Decor #free #shop #style #sales #today #giveawaypic.twitter.com/Lxo2qAY7Jo
8008,Thank you Aurelio and Tess for the pasalubongs. #samsung #live #laugh #switzerland #paris… http://instagram.com/p/gkCeeuBHHc/
8009,Happy Fathers Day!! #fathersday #balloons #balloon #beer #today #sunday #iphone #iphonex #massachusetts https://ift.tt/2I0BY24 pic.twitter.com/1ma1R7ZApv
8010,Just got a @fordmustang and an #iPhone my life #thankyou mom and dad #winning
8011,"The #Prophet as a #Husband . #iphone : http://ift.tt/2boR0kb #android : http://ift.tt/2aSURcJ #kindle #Book September 19, 2016 …"
8012,"Awww come on #Apple, how badly can you #SUCK when it comes to #Airfoil Speakers Touch. For shame, for shame. #fail #badhosts cc @RogueAmoeba"
8013,My wonderful husband just bought me the new #iphone as an early anniversary present. He is the BEST! Love that man. :)
8014,[NEW PHOTO] “So close no matter how far...” by @BigHajjar 500px.com/photo/1555856 via @500px #photography #France #iPhone
8015,@RobbieKnox what about ants who can lift many times their own bodyweight? Reduces a lion to a pussy.
8016,How the $&@*# can #apple be so fucking retarded? Updated my phone and it deletes ALL music but leaves apps and ringtones intact? !!
8017,Sometimes I read my tweets from earlier and $&@*# auto correct sucks asshole #apple
8018,"Djuice just shipped my new 3GS. 44 days after I placed the order. Almost forgot about it. Still full price, though. Bleh."
8019,Don't get me wrong I my iPhone but if I hear the words #verizon & #iPhone in the same sentence one more time.....
8020,Like the freaking update says it only takes up 1.1GB...$&@*# APPLE!? #Apple
8021,#Apple is trying to ban all #HTC phones from the U.S... low blow and completely out of fear of losing to android. #Apple
8022,"Until next Thurs 6pm ""Who's on your Love Shopping List"" http://ask.fm/LSLLoveAdvice #DrAndrew #Relationships #Dating #iPhone"
8023,@JDStudiosuk: The new iphone6minipadnano pic leak #apple #iphone #iphone6 #iphone7 #sun #pretty #girls #cutepic.twitter.com/SZR0BElrXc
8024,Why are apples phones so amazing but there chargers are pieces of $&@*# !? #apple #chargers
8025,There are 6 #Apple stores in the nation that have the grey #iPhone6plus in stock. Six. All #Sprint. #crap http://www.seaturtle.org/idevice/iphone6_grid.shtml …
8026,Why can't there by just one universal plug? Can't there be just USB plug in?
8027,Well my contacts on my phone are gone ... Don't know what to do :( #apple #upgrade
8028,Small town brooklyn gal moving to the BIG APPLE today!!! #smile #joy #manhattan #big #apple #broadwaypic.twitter.com/MP9plrUnUb
8029,Johnny Depp In Good Spirits In… http://dlvr.it/LQj6P2 #news #photography #fashion #health #fail #tech #ipad #iphone #funny #lol
8030,Miss you all pensilmedia & @samsung_id #pensilmedia #samsung #team #good #day #holiday… https://instagram.com/p/-NPrI5vryc/
8031,Isnt an iPad mini just an iPod? Same $&@*# thing. #Ripoffs
8032,Hope this fit just right ;) #silicon #case #samsung #galaxy #note2 #rubber #paulfrank #hotpink #cute http://instagr.am/p/SP35-Eo27P/
8033,This is the life #home #alone #munchies #apple #juice #doritos #dip #winegums AND #chocolate #yum http://instagr.am/p/UrQ1bCGg-3/
8034,#samsung #note3 #sketch #Stitch #doodle is finally #DONE ! #cute #disney http://instagram.com/p/qDfbSZATHT/
8035,@badkidpaul when is the new update out babe? I'm so ragin got my iphone5 3 weeks ago and now there's a new one
8036,Iphone7 #EPIC #ＦＯＬＬＯＷ #F4F #Apple #iPhone6 #iphone7 #HURRY #monday #hastags #toohip @APPLEOFFIClALpic.twitter.com/dUBNw20Adr
8037,Welcome home iphone7plus . What a beast! #apple #iphone @Apple thank you @Flipkart for the quick delivery . pic.twitter.com/OuaJa6TUZs
8038,New Charging dock been waiting for ages sooooo happy!!! #samsung #chargingdock #new http://instagram.com/p/jTt9tNtt8K/
8039,Six new caps named in All Blacks… http://dlvr.it/LQktkT #news #photography #fashion #health #fail #tech #ipad #iphone #funny #lol
8040,My phone just deleted all of my contacts for the 3rd time in 3 weeks...
8041,Who's up for SHAVING with a cellphone? #bluetooth #jeremytryit2 #oppo #influencer #microsoft #htc #digitalinfluencer #rugged #sony #oneplus #huawei #nokia #instagood #smartphone #lg #technology #apple #motorola #google #shockproof #samsung #techpic.twitter.com/4V02W0MzZI
8042,“@madiann14: I left my apartment an hour and 5 minutes ago and my battery is already on 75%. I WANT MY DROID BACK. ”#ShitNoOneSays
8043,How could you not #APPLE... for the smallest issue they just gave me a new #iPhone...APPLE!
8044,"We would like to wish you an amazing day! Make every minute count #tls #today #iphone #accessories #news #life November 30, 2014 at..."
8045,I found this treasure in my house Encontré este tesoro en mi casa #gaming #sony #ps2 #gow… https://www.instagram.com/p/BfPm2a1hguR/
8046,"Programmers' Day ! Let's deliver #unicorns , have #juicy #standups & a brand new #iphoneX ! coding #allthebestpic.twitter.com/ESRPsJhtrg"
8047,Stuck with my iPhone 4!!!:((( have no numbers or anything. Apple are dickheads!!! #apple #shit
8048,Why does autocorrect hate me? #fuckyou #autocorrect #peiceof$&@*# #appleproducts #apple #iphone
8049,Just deleted half of my phone.. but still can't update.. #thankyou #iphone #apple #noupdate
8050,I absolutely HATE replacing broken things because nothing is the same again. #nomusic #noapps #wasteofmoney #whydidifixmyphone
8051,"Dear #Apple you fucking suck!!! Really not impressed, #iphone broke won't let me restore it or anything, fuck you #error #1015"
8052,Who would have thought that muting an Apple device doesn't mute the sound. Great feature!?!
8053,"The war between Apple and Android has ended for me, Android has won over my heart! #Apple #android #Peace #phonepic.twitter.com/790KV9U0cb"
8054,I'm back! #apple #iphone #iphone5c #white #note #girl #new #comeback #samsung #instagram http://instagram.com/p/f9Go_UtCqt/
8055,"Woooo apple store in Rundle Mall lol jks burn, burn it to the ground! #crapple"
8056,"Hey Guys! Look Apple-iPhone-7-Plus-256GB-Black-Unlocked http://zpr.io/6EdnM #money #today #life #amazon #birthday #sale #android #windows #nokia #samsung #iphone #phone #smartphone #motorola #offers #bestprice Jul 31, 2018 10:00PM"
8057,Attempt of a group photo #family #friends #beauty #fun #cuties #iphone #iphoneisa #foreveryoung… http://instagr.am/p/VkKQyWSYKa/
8058,Happy birthday Beyoncé #worldtour #GetMeBodied #amazing #BdayBey #apple #diva #instagood #insta http://instagr.am/p/PKbzJ4QGIO/
8059,I'm definitely fucken #sick #$&@*# #aha #blahh #crazyeyes #danielle #forreal #girl #iphone… http://instagram.com/p/tK1LuoLZo0/
8060,My son cok adit #kids #instago #idinstagram #iphonesia #iphoneography #popular #iphone #instagram #babies # http://instagr.am/p/Q_CTl/
8061,Ready for Hipster Valentine Stickers? #blogger #iphone #ios10 #texting #imessageapp #imessagesticker #emojis https://itunes.apple.com/us/app/hipster-valentine/id1182214857?mt=8 …
8062,Happy new phone day to me :-D #gotmynewphone #samsung #galaxys6edge #vodafone https://instagram.com/p/1aIdgRSe_L/
8063,Who's ready for a long bus ride? Not me. *Thanks iPod*
8064,FIXED! $80 for a new hard drive & free help from the #Apple store for all the rest! My 5 yr old MacBook is working like new again!
8065,i would take more pictures if my iPhone camera wouldn't suck so bad iphone
8066,“@WeeShanksy: Stupid shitty hateful phone has been completely wiped #gutted #angry #irritated #annoyed #hateiphones”
8067,Criminal Couple @wendyseptiansyh #couple #mate #iphone #iphone4s #relationship #igers #webstagram #ins http://instagr.am/p/IuWrE4RTm6/
8068,So this has been my day... #ios7 #apple #you #iphone http://instagram.com/p/ebQsTfinUj/
8069,"Reconciliation, no we won’t be making up. I’ll do whatever to get you out of my system . #art is the #apple of my #eye . #smile #artshow #handsome #model #beard #beardgang… https://www.instagram.com/p/Bk6lEusFJue/?utm_source=ig_twitter_share&igshid=1nnxsnz0kgov6 …"
8070,Apple iPhone X - 256GB - Silver AT&T A1901 GSM Brand New http://zpr.io/6PSxm http://zpr.io/66PJk #florida #money #today #life #twitch #retweet #twitter #birthday #sale #android #windows #nokia #samsung #iphone #phone #smartphone #motorola #lg #sony #offers #bestpr
8071,"I love this! PS4 1, XBOX 0 Lol #sony #ps4 #tornado #washintontornado #storm #funny #cool http://instagram.com/p/g9kduDHMK2/"
8072,Good morning! #myself #me #summer #hot #sunny #morning #work ly lyday #iphone… http://instagram.com/p/dyifkEgR2x/
8073,And i didnt recieve any texts while my phone was dead #okay apple
8074,Love that I can catch up no matter where I am; always have reading material at my fingertips #iPhone
8075,Being crazy is a born talent and I'm a master of it #crazy #selfies #samsung #timespic.twitter.com/hnVbH7gDtZ
8076,"Byebye HTC, Welcome Sony  #Newphone #sony #xperia #z1 #xperiaz1 http://instagram.com/p/fsNPqKsEVs/"
8077,Photo: #quotes #instagood #insta$&@*# #sexy #weed #iphone #cute #kicks #summer #lol #fresh #picoftheday... http://tmblr.co/Z0yp6vX397_o
8078,Start up... #flight #sunrise #sun #sunset #airplane #work #sony #dslr #photography https://www.instagram.com/p/BA_vOYOGkV8/
8079,Love you max :) it withwhatihave #ipad #ipod #iphone #ipadcase #ipodcase… http://instagram.com/p/XZhBtXL3V2/
8080,Stupid phone! Now won't log into FaceTime or send iMessages @EE any bright ideas? #ios92 #customercomplaint
8081,"2 Dean's Lister #average and 1.00 sa #calculus , #finally I have my #reward . I got it already. #Samsung #ThankYou so much. :)"
8082,Being told I have to pay for a new charger .. Yeah okay #apple
8083,I #Matilda - #bulldog #pets #animal #terrace #beautiful #iphonography #igers #iphone #pics @ Tbs Crew http://instagr.am/p/MaZ1POG0QL/
8084,"Hi friends, this is a new puzzle, please retweet -/:) #Gamasutra #androidgames #iPhone #gamedesign #puzzle #art pic.twitter.com/MKMozEZsMz"
8085,Samsung 128GB EVO plus 100MB/s MicroSD SDXC UHS-I Cl$&@*# 10 Memory Card + Adapter PRICE 39 £ FREE DELIVERY UK #zone #buy & #sell #storage #card #samsung #128gb #used and #new #best #price #top #getpaid Best Price VIBER & WHATSAPP #onlineshop #customers #ukpic.twitter.com/v1tCHjeQ0p
8086,"#fuckyou #Apple RT @faboomama: @blogdiva Yep. They let my (white) husband take the same kids inside, though. *bitchlips*"
8087,"I've never had an iThing so am not at all interested in what a certain fruit has to say today, or indeed any day. #Apple #EULA"
8088,Lovin this pic #black #and #white #samsung #galaxySIII #girls #picture #fun #instaframe #cuties http://instagram.com/p/YBWBgfjpBQ/
8089,Dad has found vine #weird #haha #funny #iphone #comedy #bbq #summer #hilarious #friend #likeforlaugh ... https://vine.co/v/hmFXDJ3lTFL
8090,Seriously. All my contacts but a random 48. And none of them have numbers. I'm so livid.
8091,An apple a day keeps the doctor away. #eat #apple #life #live #healthy #lebanon #beirut… http://instagram.com/p/x168MCzCbc/
8092,Say hi to my green eyes! #newlook #green #eyes #me #ebony #instamoment #instagood #instagram #samsung http://instagr.am/p/SJEFFpSgnP/
8093,LOVE! <3 #like #iphone #instagram #my #phone #look #cute #that #guy #he #so #sweet #swe # http://instagr.am/p/NXDSTzl3Wy/
8094,Got invite Monday evening and received @oneplus before noon today! Excellent service! Amazing gadget! #oneplus
8095,Thank you for another day to dream big and work on it! #ExploreWithUs #mondaymotivation #Hyperlapse #worksmart #work #dream #dreambig #big #goodtimes #goodvibes #fun #enjoy #explore #travel #seetheworld #chance #Samsung #samsungs8pic.twitter.com/rcoCGQWEKz
8096,ReallyReal w #Photobooth for #iphone #ipad #Dating http://reallyreal.com/ #college #sorority #single zpic.twitter.com/sscHUGHeSb
8097,"Rage On! #Samsung Galaxy http://wp.me/p2VdW8-3A I #Sports #Finance #Music, #YouTube, #Facebook #BlackBerry10 #Shopping! xxoo M"
8098,going to attempt to put 2.1 on my #cliqxt. and yes #motorola
8099,"@BULLY_DOGG @twitter ah, are you on an #Apple #Device? Cuz it could be that, since #Apple and #iDevices so hard"
8100,Welcome #samsung #galaxy #note3 #family #group #telephone #gmail #selfie ;)) http://instagram.com/p/mfwV3ZhzVq/
8101,"#Apple adding S to the 5, paint it yellow and adds useless fingerprint scanner. If #BlackBerry did this, FREAKSHOW! #BB10 #Z10"
8102,RT @youngthan: @missmelony got dat. Theres an app for viewing flash websites :-)... Anything else?<-- really? Hmm I still lol
8103,I don't want to download a new iTunes just cuz I downloaded new software on my phone.. I hate new iTunes!
8104,"Child hit outside school, rushed to… http://dlvr.it/LyR67W #news #photography #fashion #health #fail #tech #ipad #iphone #funny #lol"
8105,F L O W #photooftheday #instadaily #picoftheday #instagood #instagram #igers #flow #madcoolfestival #bestoftheday #music #me #girl #iphonex #summer #like4like #follow… https://www.instagram.com/p/BlKzy2glwti/?utm_source=ig_twitter_share&igshid=w4knchc10o0q …
8106,Me in kitchen #joeytheakita #smile #hungry #kitchen #bigeyes #video #iphonex #akita #akitai... #yooyinghttps://www.yooying.com/p/1841761418607506430 …
8107,I just wish my phone would send text messages to my boyfriend. Feeling so lonely :( iPhone
8108,16 days till I get a new phone . . . . #samsung trashy $&@*# phone I've had for 2 years .
8109,Maybe I can eat an apple like #SnowWhite and sleep to have a happily ever after ? #depressed #depression #PHOTOS #Photographie #style #mentalhealth #mentalillness #MenToo #GirlTalkZA #sleep #TheEnd #TimesUp #Apple #deadpic.twitter.com/hfoqSXer4K
8110,RT @RyanThisWayy: … thats better ._. #improvement #better #temple #run #templerun #game #apple #store #lol ... http://bit.ly/Vlboad
8111,The #iPhone8 may actually come with #Apple's #best #accessory http://on.mash.to/2ppIlmh #iPhone 8 could make #audiophiles very pic.twitter.com/Jb1j2Hdx6p
8112,"Cant decide whether to buy a mac air or not, the design is luring me but can i cope with locked down locked in apple mentaaalness"
8113,Nothing like #MSPaint to get your point across. #iphone #4s #iloveyou #apple http://instagr.am/p/SK26fFmvTk/
8114,Dearest boy you make my heart beat fast. #women #sexy #photography #beauty #iphone... http://dlvr.it/12mgLt http://bit.ly/96sEH9
8115,Woo hoo! Happy girl! Thank u Samsung! #samsung #products #are #thebest #allsmiles https://www.instagram.com/p/BaW2EJQhrpU/
8116,Lates video #youtube #subscribe #daily #vlogs #twitch #gaming #fun #ps4 #xbox #sony #games #xbox #MobileGame https://youtu.be/sBSjGdhsq9s
8117,This brightens up my mood!!!! Yeah!!! Thanks!!!!! @lovingdaydream #earpods #apple http://instagram.com/p/b59AVtnNOI/
8118,SICKO MODE Thank you @aLaMode_AEL @DONOTLICKTHEART . . . . . . . . . . . . . . . #portrait #happiness #portraiture #fashion #portrait #art #sony #portraitmood #captureone… https://www.instagram.com/p/BmKL5qTBf6S/?utm_source=ig_twitter_share&igshid=5fbr4gimzdnm …
8119,I REALLY love my new #iPhone cover by kekacase #kekacase #phonelove #cover #collage #art #licensing http://instagram.com/p/jSJxeika5B/
8120,Burayidi Weekly News 1/29/18 Apples and Oranges (Link in bio) #burayidiweeklynews #news #cnn #nbc #cbs #fox #newsanchor #newspaper #newyorktimes #washingtonpost #comedy #laugh #jokes #fun #instagood #instadaily #apple #orange #fruit #like4like #me #followmepic.twitter.com/akhert3bPj
8121,"Being #silly. Enjoying my apple... an #apple a day, keeps the #doctor away... #smiling … http://instagram.com/p/Z5iOw0qptA/"
8122,Me and mama got our new phoNe ;) #samsung #grand #s4 #instagoOd #igdaily #hapPy #mama #me … http://instagram.com/p/atWqqcAuKY/
8123,Vol.1 out on bandcamp: http://bigkoops.bandcamp.com/album/vol-1 - - - - - - #newmusic #drake #pushaT #phonk #trill #hiphop #rap #memphis #1996 #action #music #capcom #strider #666 #lilpump #sega #Nintendo #sony #koops #RIPXXX
8124,#Learn to #maths #sums with #Ibbleobble! http://bit.ly/2owKbmX #Educational #maths #Games #kids #Children #Kindergarten #School #Schools #Preschool #homeschool #homeschooling #iPad #iPhone #AppleTV #IndieDev #PlaySchool #learning #LearnMaths #numbers #FridayFeelingpic.twitter.com/mnNQHMJF1M
8125,Do you agree? https://youtu.be/gXsmZdsS__0 #TheJoker #Joker #Batman #TheDarkKnight #Satire #Bullies #StandUpForComedy #BadParenting #PeterRabbit #Sony @youtube <3
8126,What was the point of going to grad school when all of my work is now gone #computerproblems #annoyed
8127,sundaysongbook #sundaymotivation #SundayMorning #sundaymood https://itunes.apple.com/app/id1033024421 … … … #Nature #iPhone7Plus #IPAD #Appstore #iphone
8128,Still #blooming in all it's #prettiness #flowers #roses #iphone #ig #iphonography #mothersday http://instagr.am/p/KoE7frigsz/
8129,"Just got a new phone today, samsung galaxy s7 the finger print scanner is really snappy to unlock #samsung #galaxy #s7"
8130,This is very important! Asihttp kicks but for posting data from #iPhone I repeat i love Asihttp #mobile #shipit !
8131,Love my new phonecase cover <3 #i #android #phonecase #samsung #girl http://instagr.am/p/Jz1kpzIRrz/
8132,Ever since I got ios8 my phone has had so many glitches apple
8133,Photo: Photography artist. #not #reversed #Thursday #Mac #wacom #apple #FTW http://tmblr.co/ZiiB1w1dsdgQJ
8134,The happiest guys in the world ! @SulimanAllahou #moment #ps4 #sony #playstation #playstation4 http://instagram.com/p/gwRj5huirv/
8135,I like the #iPhoneX but it's a bit to small I like big phones #iPhoneX #x #iPhone #apple #applestore #Samsung #smallphones #big
8136,Oh hello gorgeous her #beautiful #perfect #gorgeous #kisses #homescreen #iphone http://instagr.am/p/WfC6HmgNIF/
8137,Add me on Skype Billybong555 #skype #twitter #twitterless #girls #boys #ppl #sexy #uk #house #club #model #iPhone #iphone4s #iphone5
8138,okay... Steve Jobs is selling me on iCloud... But now do I go get an iPad or wait it out for iPhone5? Apple #MakeBabies
8139,I used to LOVE #Samsung but now #FuckYou #PhoneSucks #WorstEver Make it last more than couple months! #Wtf
8140,"@SammyGibson88 haha must be worth it though, hate a 10 o'clock finish! and nothing much need to take my phone back! #gubbed"
8141,Only 3 weeks since launching our #new app Please help us make it to 1000 followers!Thanks for all your support#followus we #followyou #android #mobile #apps #technology #iphone #app #SocialMedia #rt #AppStore #newappstore #follow #followme #followers #charity pic.twitter.com/TreTgCZd9Z
8142,I got it! I finally got it! My watch face is all setup too! #AppleWatch #Watch # #Apple… https://instagram.com/p/28PWgZCyZr/
8143,Thank you @sony_india for sending across my newest lens all the way from Delhi! #newgear #sony #photographerpic.twitter.com/vqvikWiHFr
8144,"#BlackfridayNEW #SAMSUNG #GALAXY J7 BLACK 1.5GB 16GB #OCTA #CORE 5.5"" HD #SCREEN #ANDROID 4G #LTE #SMARTPHONE #tagforlikes #beautiful #self #girl #picoftheday #free #shipping #producers #chinaphone #chinawholesale #boostmobile #phonedeals ...http://bit.ly/2hY9EXd pic.twitter.com/4hik16CwtJ"
8145,All Smiles. #instamood #instamood #igers #f4f #life #positivity #iphone #girl #eyes #style… http://instagram.com/p/b8q2eBmhYx/
8146,Good night :-) iOS 8 coming this fall Don't forget update when fall come #IOS8 #apple #iPhone
8147,"Quoted rhymes with Toted, Coded, Boded, Voted, Noted, Coated,... Click: http://bit.ly/rhymeapp #rhyme for #iPhone,"
8148,RT: MissHijabi_MK: RT: MissHijabi_MK: RT: Cecy_Ely: New phone in the house!!! #phone #samsung #samsunggalaxynote #nyappy …
8149,The Apple pip we planted actually sprouted! One excited little boy #apple #appleseed #sprouted #growing #gardening #garden #excited #learning #learningthroughnature #nature… https://www.instagram.com/p/BmdZwFUg82j/?utm_source=ig_twitter_share&igshid=y9wx12k21tli …
8150,Hack All Wifi Password https://goo.gl/FpBN6K #android #apps #beautiful #cute #colors #igers #iphoneonly #iphone
8151,New ReallyReal v2 w #Photobooth for #iphone #ipad #Dating - http://reallyreal.com/ #college #sorority pic.twitter.com/06isIHQ7ZY e7
8152,@NewYork #ice@workout#snow @work #iphone@great@day @klauspern #Skyline@visitsouthtyrol # #foto#landscape #likeforfolow #like #sucesspic.twitter.com/38681PDjnd – at Central Park – The Lake
8153,Celebrating nothing #fireworks #night #dark #contrast #joy #sparks #fire #nofilter #samsung #es60 http://instagram.com/p/XNLgriy9ld/
8154,Finally got my baby <333 #apple #macbook #pro #mine #baby #finally http://instagram.com/p/jCVU1XpoZu/
8155,Shop in profile @rafaeligualada . #society6 #iphone #galaxy #samsung #case #funda #carcasa #skull rs #…pic.twitter.com/gLc1vARKeM
8156,"$92.40 #smile #remiseenforme #instagood #goodmoment #samsung #black nike air max light grey,Nike Mens Lun… http://ift.tt/2AxSwe9 pic.twitter.com/e7KhdvaA16"
8157,Thank you #apple for making my iMac unusable most likely because of a stupid programing bug cause of #daylightsavings
8158,I REALLY want one!!! Lol #iphone #instagay #gurl #gayboyproblems #fabulous #yesss #the80sparty… http://instagram.com/p/YRk2ODu7VX/
8159,Thanks #Apple genius bar 4 DELETING all the frickin' pix I took at Xmas & in Yellowstone + you stole 1 1/2 hours from me 4 doing it
8160,My iPod just got a hole in it after it drop softly but I dropped outside on concrete and it didn't crack !! Ugh
8161,@kalifornicashun <<<<< #FollowSunday #FOLLOWBACK #RT #TeamFollowback #Follow #RETWEET #Iphone... Keep doing ya thing
8162,Yey! Thank you papa. ^_^ I already love this phone! :) #sony #XperiaL #gift #newphone http://instagram.com/p/exM8uQsB8r/
8163,Capture from my private al$&@*# #Me #Phone #Samsung #Pure #Original #Pretty #Boy #Smile http://instagr.am/p/LOr1O9IWCK/
8164,And they say money doesn't open doorsn poked a credit card in the iMac and the cd came out (damaged of course) #fb #apple
8165,Restored and now better than ever! I trust Apple #music #apple
8166,My new toy! Be welcome Moto X #motox #motorola #smartphone #android #moto #androiduser http://instagram.com/p/p7APFAiROd/
8167,Photo: #polyvore #home #homedecor #decor #valentine ##polyvore #decor #valentine #iphone... http://tmblr.co/Zq1ZXo1anZ-a2
8168,"Now I am cursed,I can't use mac products,my laptop poisoned with a load of virus,everytime I try 2 cleaned it,it always came back!"
8169,Filmmaking at your finger tips! . #mobile #filmmaking #filmmakers #student #budget #film #iPhone #iPhonelovers https://twitter.com/FilmLifestyle/status/990957441159520256 …
8170,Yehey!got bought EarPods...I lost my EarPods when I was in Korea ... #$30 #apple http://instagram.com/p/i86VMEDykg/
8171,I feel so happy near you... #happiness #sun #friend #apple #play  http://instagr.am/p/O_skjxpeAF/
8172,pencil Sketch Photo #Maker free https://goo.gl/9quhrH #android #apps #beautiful #cute #colors #igers #iphoneonly #iphone
8173,I luv having so many phone cases... #notevenallofthem #penguin #panda #turtle #owl #blue #lace #iphone http://instagr.am/p/S072cRsWsj/
8174,Old pic #Geordie #snapback #hat #cap #boy #teen #hot #abs #pecks #smile #Sony #Xperia #poser http://instagr.am/p/RqyE7PrQ7P/
8175,#apple the 20mb limit over 3G is violating my right to use my 3G as I want
8176,My Strategically Placed Fruit #Smiley #Friday #Green #Apple #Freckly #Banana http://instagram.com/p/doVsg7SwXv/
8177,@ohmyitsNek Hmm... I'll check it out again myself... So you can video chat with both an #iPhone and #Evo -#LOvE
8178,#Beauty #Shopping #AliUSAExpress #iPhone #ios #app Tikeda-oneplus 2 Case Beauty Luxury Leather Wallet Fli... http://ow.ly/7x1G505nl24
8179,Get #Lyft for the most affordable #ride in town.Terms Apply https://www.lyft.com/invite/YOURLYFTMENTOR … #iphone #weekend #retweet
8180,CHEERS #friday #friends #bestoftheday #samsung #photography #amazing #girl #blogger #like4like #followme #pretty #life #style #fashion #babe #beautiful #swag #picoftheday #photooftheday #l4l #follow #smile #cute #foodpic.twitter.com/btrgyDb0bD
8181,"how to make knockout meals in ways that work with your busy and demanding life, so you can eat healthy, delicious food without feeling hungry! #Fitness #weight loss #apple #appleipy #iphone # diet # fat loss # bestfriend #cooking https://www.amazon.com/dp/125013109X/ref=cm_sw_r_tw_dp_U_x_IPSYAbG6TDBRM … via @amazon"
8182,"Check Out My New Prints #style, #decor, #trends, #awesome, #sale, #designs, #home, #iphone, #kids, , #parents http://garvin-hunter.artistwebsites.com/featured/simplicity-garvin-hunter.html …"
8183,"Samsung Galaxy S3 Frontier | Classic only at Rs 28,500 Shop Now: http://amzn.to/2juAVzd Happy Shopping :) #deals #best #samsung #funpic.twitter.com/5ICZxmg7vx"
8184,I how time changes aren't a problem to me and I never have to worry about it. My #iPhone & other household gadgets do it themselves!
8185,That's for you Apple! £140 to get a button on my phone fixed?! #apple #iphone #angry #selfie… http://instagr.am/p/V66zrQMDex/
8186,"Sad and Happy, same time! #glee #graduation #senioryear #perfection #music #iphone #print http://instagr.am/p/OSR8_4DBOv/"
8187,#bairroalto #lisboa #lisbon #pic #photo #portugal #fun #glee #kiss #iphone #ipad #day #nice #cool by rickydjpic.twitter.com/RFkFPisU8s
8188,Thanksgiving-Win an #Apple MacBook Air! Just Retweet this and follow @dealsplus to win! Thanksgiving http://dealspl.us/t/707qK3
8189,Fell in love with my desk. #mydesk #colors #wallpaper #iMac #apple #cutedesk #workinglady https://www.instagram.com/p/BCMW4mYSoAG/
8190,#soundtracking $&@*# #applestore #deleated my #favorite #music app #damnit ! #apple #stupid… https://instagram.com/p/5FT21TQ4_5/
8191,Finally the #news that I had been waiting for #Samsung #GalaxyS5 in #dubai pic.twitter.com/VSM5zNcCti
8192,Wow! Get Free Shipping on #iPhone SE 5s 5 Case [Ring Holder Kickstand] Bumper Case Shock-Absorption and Anti-Scratch Clear Back for #Apple #iPhoneSE / 5s / 5 for $9.89 #amazon #geek #tech #deals #mobile #gifts #ios #dev #beauty http://crwd.fr/2DZUiId pic.twitter.com/Rh11iNJEBN
8193,"@heidiwhite @fredbouchar RT ""@tgeek: Stay classy! - Apple declares war on Bitcoin http://siliconangle.com/blog/2014/02/06/apple-declares-war-on-bitcoin-but-its-a-war-that-its-destined-to-lose/ …? #bitcoin """
8194,@MissChanelleSP I #HateApple I never wanna be an #AppleZombie & the Lumia 900 is so much better than any iPhone & different to Nokia of old
8195,Designed by Apple in California. #Ipod #Classic #Apple #best #music http://instagram.com/p/jADsE9iMc6/
8196,#HateApple really had to make a proprietary charger for Iphone 5? Had to cash in on that last little bit? #ByeBye
8197,Photo: #pink #pretty #$&@*# #yummy #iphone #icecream#wow #lol it #japan #great #food #fruit... http://tmblr.co/Z477Xvp-A21q
8198,"Try to download music, instead ITunes deletes all my music and won't let me download any, now I have no music #iTunes #apple"
8199,#new #case #iphone #it #hello #kitty i love my new case http://instagram.com/p/lDcxryLi3E/
8200,46 days outta warranty and my home button stops working. All #Apple had to say was tuff shit... Cool.
8201,The fact that I have an online course and I won't have my computer for a week
8202,#Matilda's #sleeping - How couldn't her? - #iphonography #iphonesia #picsoftheday #iphone @ Tbs Crew http://instagr.am/p/Mal1_im0Tf/
8203,AirBay Phone Case #tech #iPhone #Apple #AirPods #travel #startup #innovation pic.twitter.com/Ud32AsSRbX
8204,iTunes approves the first & only adult-rated pickup line app for the #iPhone! http://www.LittleWingman.com #$&@*# #romance
8205,Just smile.. #smile #instapic #instagood #senyumituibadah #sony #alpha #a5000 @ Kayu… https://www.instagram.com/p/BJQI58She88/
8206,Do any of my frands have #applewatch #iphone #photoftheday #friends #like4like http://ift.tt/1PXSrk3 pic.twitter.com/r6zd8TII5I
8207,"Shoutout to apple for deleting all 4,000 pictures of mine #apple"
8208,My #daughter playing #sega #sonicthehedgehog2 on the #Sony #playstation3 I'm so #gamingdad… https://www.instagram.com/p/_JXUvTSHtM/
8209,It must be new #iphone case in the mail week! #cute http://instagram.com/p/jScLLvISoG/
8210,I just love sony walkman :)) #Mp3 #sony #walkman #musiclover #addicted #2013 #instamazing #fun #smile http://instagr.am/p/USzF1qn1Ed/
8211,Get 10% off when you order Sublimation T-Shirt with discount code - TWITTER. Check it out - http://zetasupplies.co.uk/products/sublimation-t-shirt?utm_campaign=social_autopilot&utm_source=tweet&utm_medium=tweet … #iPhone #case
8212,"What a nice view for dinner , so this is #palembang #iphone #instagram #dinner #eat http://instagram.com/p/c31wjtFpcT/"
8213,So fucking pissed off fuck you apple.all your products turn to shit....smfh #apple #junk
8214,Apple a day keeps the doctor away http://goo.gl/pIraVl #wallprint #painting #green #apple #fridaypic.twitter.com/7w7qifGcwU
8215,Smoothie Banana Apple homemade ! #morning #breakfast #smoothie #banana #apple day… https://www.instagram.com/p/BHRkVtKBJVM/
8216,@AriCupkake <<<<< #FollowSunday #FOLLOWBACK #RT #TeamFollowback #Follow #RETWEET #Iphone... Keep doing ya thing
8217,Want this Phone po. Haha. #nofilter #samsung #galaxyace2 #instadaily #emrm #design #brush #BOSS http://instagram.com/p/X65vC6H788/
8218,aw i do #barclays...the cheque has arrived and i should have a beautiful new #iphone in about a week! happy days!
8219,Xcode 4.2 has some small improvements that really make my life easier. Way to go apple! #apple #xcode #beta #iosdev
8220,"We would like to wish you an amazing day! Make every minute count #tls #today #iphone #accessories #news #life June 18, 2017 at 07:00…"
8221,iPhone 4S reveals problems - how predictable http://edition.cnn.com/2011/10/19/tech/mobile/iphone-4s-problems/index.html … #technology #apple #iphone #ThingsWeAllHate #mobiles #iphone4s
8222,"Say hello to Inky, my new Note II. Hehe. :3 #samsung #galaxy #note http://instagr.am/p/UG0POrAXu9/"
8223,can't download any apps anymore..... good bye instagram good bye facebook app :'( #stupid #pissedoff apple
8224,I KEEP MESSING UP THE DANG EMAIL AND IT SHUT ME OUT UGH apple
8225,Sony (Ma Vision) [DKS studio] Janvier.2016 https://youtu.be/VH_88QKyLVY via @YouTube #music #France #life #djisquadfamily #sony #friend
8226,#apple #fuckyou #calendar #rant The Fucking Mac Calendar 1 Is Now Off Fucking Center Too! http://dlvr.it/7hgLNt
8227,why the fuck did #apple get rid of the iPod classic #raging #ihatetouch
8228,Sister got an iPad for her birthday & she's 8!! #birthday #princess #Cute #ginger #ipad #Apple … http://instagram.com/p/qaHAk4rL9q/
8229,Latest mac mini model boot in to 64bit mode by default. #nice #apple
8230,This is one of my favorite pictures. #boyfriend #iphone #couple #stitch #angel #cases … http://instagr.am/p/Vj_n7ajeTH/
8231,"Have you downloaded Desert Danger X yet? It’s iPhone’s newest, addicting, action-packed strategy game. #ios #iphone #iphoneX #iphone8 #action #Sunday #fun #funtimes #SundayFunday #dad #peace #Amazon #pubG #Fortnite #player #lifetime #movies #gamer #freeApp #appstorepic.twitter.com/iQio1GgyMA"
8232,"please stop talking to me about ""insanely great user experiences"". I don't fucking care #insane #notgreat #apple #fuckapple"
8233,Got my phone a month ago and my charger is already broken #angrybecky
8234,New Phone #samsung #galaxy #s3 #selfie #mirrorselfie #latinapride #pretty #followme… http://instagram.com/p/bt071VI-bf/
8235,The #iPhone #App store is mind-boggling. For each of the problems it has there are 50 things I love. #appstore #apple
8236,#apple used to be known for its #customerservice and #customersatisfaction. Now they .
8237,Love is... #mylife #aliceslider #daughter #mom #mylove #apple#smile #доченька #дочарада… https://instagram.com/p/3ES-ctmJcu/
8238,New toy arrived #Samsung #galaxy #tab #s #tablet #photo #instagood #instaphoto… https://instagram.com/p/zs-ngfJKnX/
8239,Why Galaxy S9 Sales Might Be A Big Disappointment? #samsung #apple #iphone #iphonex #android #ios #competition #adoption #trend #mobile #smartphone #smarthome #tech #info #news #consumers #satisfaction #online #onlineshopping #shopping https://techinwire.com/2018/03/12/why-galaxy-s9-sales-might-be-a-big-disappointment/ …pic.twitter.com/OVC7Zxcjlh
8240,I got it! New phone! #samsung #galaxy #s4 #mobile #phone #decent #white #new http://instagram.com/p/ZNX43-R--W/
8241,New phone day! Say hello to the iPhone X #iphonex #amazing #apple #geek #iphone #shotoniphonex http://ift.tt/2hUV6HF pic.twitter.com/KYc0eSCVxC
8242,Sis got an iPhone 5 #apple #iPhone5 #5 #awesome #great #best #black #tech #like #instagood… http://instagram.com/p/YF-EKVt6e6/
8243,"We would like to wish you an amazing day! Make every minute count #tls #today #iphone #accessories #news #life August 29, 2015 at 07:…"
8244,#goodafeternon #my #new #Samsung #Galaxy #SIV # beautiful #money #instagram #bestoftheday… http://instagram.com/p/jZm9z3llcf/
8245,Crying that my iPhone won't sync!?!? All I want is azelia banks and the xx's new albums on the go #nottoomuch
8246,Every time I plug my phone in it says it's charging but my battery just dies faster
8247,This is how my sunday is going... #relax #homealone #time4me #moviestime #apple… http://instagram.com/p/lDGuHlQ2oR/
8248,"Dear #Apple; What insanity possessed you to p$&@*# keyboard input through the iTunes Artwork screensaver, rendering it unexitable?"
8249,I love when my ipod screen cracks. It's probably my most favorite thing in the world to have happen. #apple
8250,"First reaction to new headphones: Whoa, it's like listening to music in 3D. #christmas #sony"
8251,Kate and mummy D #uk #general #picture #good #god #nice #day #family #today #rain #sony #sonynex5n #v http://instagr.am/p/RVTIMsJaUt/
8252,Worst phone company ever over prized products and no software updates for device
8253,ON THAT IPHONE 5 SWAG #iphonesonly #iphone5 #apple #swag #tagsforlikes http://instagram.com/p/aErPq-Ilh6/
8254,"Finally got a new phone, wish it came programmed with all my apps... #Samsung #android "
8255,Apple are the most democratic tossers in the tech industry. Micro$oft aren't anywhere near evil compared to Apple.
8256,#conversation with @aaronmk77 haha I him. #friendsinlowplaces #garthbrooks #friend #iphone http://instagr.am/p/Iv2Zv9gIrI/
8257,"#iPhone 6 to come out soon, meanwhile I'm still waiting for my 5S. 13 days and counting since I placed my order. #Apple"
8258,Check out Apple iPhone 6s Plus - 16GB - Rose Gold (T-Mobile) Smartphone TMobile #Apple #Bar http://www.ebay.com/itm/Apple-iPhone-6s-Plus-16GB-Rose-Gold-T-Mobile-Smartphone-Smartphone-Choose-/112499444923?roken=cUgayN&soutkn=9H098g … via @eBay #iphone
8259,I've never actually hated technology so much. #apple #you have failed #ios
8260,10Pcs Exquisite Squishy Random Charm in http://ebay.to/2yI9MR7 #iPhone Straps #Toys Decor #free #shop #style #sales #today #giveawaypic.twitter.com/6jhusDVlm2
8261,I love sharing life with him <3 #iPhone him #lifemates #soulmates #studio http://instagram.com/p/x2UgSEoo6f/
8262,Happy Portland #urixcr #pdx #oregon #Portland #Samsung #GS7 #building #poststicks… https://www.instagram.com/p/BMB9y-CF2wC/
8263,Love #Beach #oceanmedallion #OceanOptimism #oceanwaves #Oceans8 https://itunes.apple.com/app/id1131238793 … #Oceanwaves #Nature #IPhone #iPAD #iOS
8264,"My phone needs fixed but cba with the whole""this is my temporary number""and all th huffing and puffing! Want a nice new iPhone!"
8265,Got myself a new iPhone on Monday #Apple #iphone6 #icloud #new #shiny http://instagram.com/p/uDDh0FQsd1/
8266,cant believe i just paid $50 for some button that i had to click just cause my airport wasnt working -_- #apple
8267,Like and Share if you want this Lighting USB Cable For Iphone #iphone ... http://bestcheapphones.com/index.php/product/pzoz-lighting-cable-fast-charger-adapter-original-usb-cable-for-iphone-6-s-plus-i6-i5-iphone-5-5s-ipad-air2-mobile-phone-cables/ …pic.twitter.com/jAk4CH2JrN
8268,On dec sour #kingcrowley #king #kushking #ink #iphone #loud #loyalty #pothead #producer #photooftheday #music #money #model #ceo #beardgang #atx #singer #songwriting #weed… https://www.instagram.com/p/Bl8zOfxl-mc/?utm_source=ig_twitter_share&igshid=hptew0bm9xh9 …
8269,"You’re a dragon, be a dragon . . . . . . . #Selfie #GameOfThrones #RingLight #Daenarys #Targaryen #Washington #USA #Seattle #SelfieTime #iPhonography #iPhoneX #Portrait #Apple… https://www.instagram.com/p/BlThxXDFWu_/?utm_source=ig_twitter_share&igshid=1ndy1zvt2rnas …"
8270,Dear apple. You suck. Why would sell something that can conk off but cant be opened to be fixed. #missingmyipod
8271,Thank you Panget! #surprise #iphone #iphone4 #bliss #valentines #panget #sungit @dhenick http://instagr.am/p/G88b1ARN8M/
8272,I'm so excited! #GalaxySIV #Samsung #Android #unpacked #Google #TimeSquare #NewYork #Thursday … http://instagr.am/p/W23p13I2q5/
8273,Stupid iPod. I need information from an app but it wont even let me open it. Grr.
8274,My new #mobile #phone #sony #Xperia #c #fun #great #egypt #Dubai #Kuwait #Morocco… http://instagram.com/p/hW1BslFMDR/
8275,Happy Mother's Day! Love my babies. #fitmom #motivation #iphone #igers http://instagram.com/p/ZNurGprLn3/
8276,Child #nikon #sigma #photo #iphone #iphone4 #instagram #summer #beach #brazil #riodejaneiro http://instagr.am/p/G9hi2-QwCr/
8277,"Photo: On the train , #iphonesia #photooftheday #instagood #iPhone #ig #iphoneonly #iphone4 #jj ... http://tmblr.co/Zqu4pxK0weob"
8278,Me and my mom.#me #iphone #instagram #eu #liked #mom #cute http://instagr.am/p/OUf_Q/
8279,Bored #samsung lemon #milktea #yellow #food #drinks #bored #cute #lemon #boy http://instagr.am/p/QCJlXGBHAS/
8280,"Yeah! My next main camera, Sony α7RⅢ came to my house on the release day! #thereleaseday #20171125 #sony #α7R3 #mynextmaincamera #myfirstmirrorlesscamera #pleasurepic.twitter.com/rhUYgTv9nP"
8281,Just found out why my phone doesn't have auto correct...Apple sued Samsung for infringement of input functions... #iphonesucks
8282,i like when people spam me #gold #wow #iphone #guide #spam #dating #porn #free #car #house #work #nokia #apps let the spam begin!
8283,"@scully1888 Apple are money grabbers, new sim = more money, new adaptor = more money to fork out on new docking stations etc."
8284,"#new #apps for #iPhone, for the #people who #sailing in #italy: http://www.myharbours.com/ #appstore #mobile #apple #travel"
8285,And why don't you make my 3G not suck so much $&@*# #iOS6 #smd #apple
8286,"Wow The Only Way I Can Escape My Problems And Express My Feelings I Can't Even Do It. #Apple,… http://instagram.com/p/eIyCy5D_s5/"
8287,(YouTube) The Murder of Antoinette Chase – Murder Documentary – History Of Killers https://www.youtube.com/watch?v=cN424Lu2Jqs … #videolife #like4like #socialmediameisje #MurderedAndChromed #silviosantos #instasport #firmawde #iPhone http://www.tmz.com/2018/07/09/double-dare-trademark-dispute-viacom-sues-company/ …
8288,"Why would my phone correct ""I hate"" to ""iChat"" ? iphone"
8289,selfie lol #bored #black #$&@*# #swag #baste #sscr #haha #lols #lol #swagger #apple https://instagram.com/p/80WVpZrPJa/
8290,Uhm who has the sweetest/best #boyfriend ever? Me #iphone #text #cute #boh #couple #sweet #forever http://instagr.am/p/NWXUbGEIOP/
8291,Go home phone you're drunk -_- #picstitch #annoyed #stupidapple #gay #somad iphone… http://instagram.com/p/bmHt8ktI_u/
8292,9 Times Apple Got It Wrong http://www.businessinsider.com/9-times-apple-got-it-wrong-2014-10?op=1 … Ha! I can think of quite a few more ;) #macsucks
8293,Early #Christmas #Gift! #iphone6 #silver #white #iphone #apple #xmas #likeaKid #new #toy http://instagram.com/p/v_fPcWja94/
8294,#HateApple - New Apple suit claims Galaxy Nexus infringes on 'slide-to-unlock' feature - http://j.mp/zx9uM3
8295,Itunes has stopped working on my computer and re-installing it doesn't fix it. This is the most stressful thing ever Apple
8296,Style #iphone #chargecords #chargers #original #ilovecases #colorful #march #inlove #fashion... http://fb.me/3ONkddImC
8297,my phone just deleted all me and @WoodardJustin messages...I haven't deleted them since we met. I'm going to cry apple
8298,"Ho hi, #motorola here... yeah, we didn't do nothing to your phone, couldn't find out what's wrong so we sent it back to you as is"
8299,Best ( IPTV ) Servers for 2018 Download it now for free and enjoy watching all the channels of the world without paying any fees http://bit.ly/2jnH528 #smarttv #samsung #life #video #music #enjoy #people #friendspic.twitter.com/4UAJueVdyY
8300,Gain Followers RT This MUST FOLLOW ME I FOLLOW BACK Follow everyone who rts Gain #iphone #sougofollow #ff n?98
8301,Emmys 2016: how TV shows choose… http://dlvr.it/Lnj2WW #news #photography #fashion #health #fail #tech #ipad #iphone #funny #lol
8302,Leylah loves hiking in the Austrian Alps! Back to Berlin and touring soon! #alps #austria #dachshund #dackel #holiday #vacation #theberlinexpert #iPhoneX pic.twitter.com/t3TFxWcPGw
8303,PAIRS DTR app guides users through five steps that strengthen love relationships: http://bit.ly/cnn_pairs_dtr #iphone #app
8304,It's great to know a #apple has your back having been loyal for over 15 years. Thanks for killing my mobile rig. #applesucks
8305,I wish I didn't have to update to ios5 now my ipod won't work ffs
8306,Having to pay out for yet another iPhone 5 charger seen as my second one has now broken!!! #iPhone
8307,"apple charging cables are the worst.. if you patch it at one place, breaks at next bend.. #Apple #costly"
8308,Butchers of the Boarded Barn: [Short Story] (Kindle Edition) http://amzn.to/2nXgEmS #Accrington #Samsung #DonaldJTrump 34
8309,Fifa 2015 + 3DTV #fifa #3d #sony #me #food #ps3 #fun #playstation #friends #ps4 http://instagram.com/p/wOCdApPDaB/
8310,Made this one in PS when I was bored. #photoshop #instagram #iphone #couple #holding #hands #feeling http://instagr.am/p/G7WV6Fsclo/
8311,Sick and tired of #apple fucking up their software updates I just wanna be able to listen to music on safari #$&@*# #fixyourshit
8312,The United States of Food http://is.gd/Oniu7U #ff #friends #gratitude #ipad #iphone #blackberry #entrepreneur
8313,The Path You Take #joy #peace #reflect #remember #sky #cloud #cloudhub #skyhub #tree #gr$&@*# #iphone #i http://instagr.am/p/RBfn5YAnYv/
8314,https://cards.twitter.com/cards/drio9p/gfu6 … Find out why a Professional Athlete chooses SlimClip Case as her solution #Iphone #case #apple #iphone6 #body
8315,Bonding time at Apple Farm love #apple #farm #japan #myson #blessing #solpie http://instagram.com/p/fbzzc8CvfX/
8316,Momy's Presents #Mothers #Day #Panama #Presents #Samsung #Galaxy #S #Perfume #Flora by #Gucci #Likes http://instagr.am/p/S_gqnalofp/
8317,Life is about to START ~ #Life #Flower #Bud #Start #Beauty #Nature #Iphone #Photography… https://instagram.com/p/69pvj6JwC3/
8318,"Trendy art gift shop Collections http://www.zazzle.co.uk/artofvintagefashion … , #pillow, #journal, #iphone, #gifts, #zazzlepic.twitter.com/GI4T3XucUN"
8319,"Hey Guys! Look New-Apple-iphone-X-5-8-Inches-3GB-RAM http://zpr.io/nvNRV #money #today #life #twitch #birthday #sale #android #windows #nokia #samsung #iphone #phone #smartphone #motorola #offers #bestprice Jun 16, 2018 04:30AM"
8320,"Just spent an hour at the Genius Bar, they brought an Asian in and my iTunes Store STILL doesn't work"
8321,"#morning #newmob #samsung #S5 #gold #wooo. ""God bless you father"" http://instagram.com/p/xTgr-ZsZfp/"
8322,Happy pups! #puppy family #photo #puglife #goldenretriever #pug #pugsofinstagram #golden #family #gilbert #arizona apple #iphonex #photography #photoshoot #photos #doggy https://www.instagram.com/p/Bk3ji3hhtVA/?utm_source=ig_twitter_share&igshid=1csyzxeir7h2x …
8323,My baby has a new case! Thanks pop! Bwahahaha.. #justhappy #iphone #overjoyed http://instagram.com/p/tS8BNKGhOz/
8324,"So today I spent £127 to get my laptop fixed, which meant losing all my pictures and songs in the process"
8325,....and because I was such a good girl this year I'm getting the #MacBook Pro tonight :) #excited #apple
8326,"After #Xerox and #Apple #Lisa Came #Bill w his 1st #MS, via @MGarvis: 25th #Anniversary, #Microsoft #Windows http://on.mash.to/95l1Qf"
8327,Follow @capetownsup on Instagram http://mf.tt/pAFAm #sup #surf #fun #capetown #funny #sexy #me #samsung pic.twitter.com/gXiPq1ULKb
8328,Shannen Doherty Reveals Wrinkled… http://dlvr.it/LcGzM6 #news #photography #fashion #health #fail #tech #ipad #iphone #funny #lol
8329,#Sony #PS3 #FIFA13 #Games #Gift #Christmas #LiveInPlay this is the gift like my dad gave me! http://instagr.am/p/TE5J9KNObW/
8330,Go go go #ps3 #game #residentevil # assassinsCreed3 #night #fridays #consola #sony http://instagram.com/p/exmFGQC2lo/
8331,Me and sis @ChasityChanel #TagsForLikes.COM tagsforlikes #instagood #tweegram #photooftheday #iphone http://instagr.am/p/R6JKhFnQ4_/
8332,Take a #Selfie with a #FishEye lens.. hahaa #instapicture #instagram #Night #Samsung http://instagram.com/p/qt1JewGF3r/
8333,birthday #Apple #40years # and thank you #Steve jobs for this #amazing companypic.twitter.com/GkALFrGZCV
8334,Like and Share if you want this Mini Dual USB Car Charger #iphone #sa ... http://bestcheapphones.com/index.php/product/mini-dual-usb-car-charger-for-iphone-6-6s-plus-5s-universal-car-phone-charger-for-ipad-usb-adapter-for-samsung-usb-cigar-socket/ …pic.twitter.com/XJQUFInGJR
8335,"RT NEW★ Psychedelics #iPhone 4 Art #Skins Case by webgrrl @zazzle #psychedelic | Save 10% on cases, get co... http://bit.ly/k83ouH"
8336,All I want is to upload my photos to save you pieces of shits! Now I have no room in my phone #apple
8337,Watching movies with my son and daughter ... #NoFilter #IPhone #LG http://instagr.am/p/Kl6McNhRsI/
8338,Good eating #ig #jj #me #foodporn #food #igers #iphone #popular #iphone4 # @ Tokyo Fro's http://instagr.am/p/H2GJgepNnd/
8339,Yup... no time to get tired when built to inspire... look at what we've acquired #mlittle801 #breezeslc #fitness #nofilter #nice #music #film #camera #samsung #famous #black… https://www.instagram.com/p/Bk-syn5lq9w/?utm_source=ig_twitter_share&igshid=9pz57yufwvaf …
8340,tabithazolanski FUCK YOU AUTOCORRECT it's not even funny anymore #iPhone #autocorrect #done #$&@*# # http://instagr.am/p/T1vqjHDsDU/
8341,ReallyReal w #Photobooth for #iphone #ipad #Dating http://reallyreal.com/ #college #sorority #single 3zpic.twitter.com/Hn5Zl8KUTX
8342,@Conn_lynch #iPhone #cloud just how can this happen with the best technology on the planet mom
8343,Gain Followers RT This MUST FOLLOW ME I FOLLOW BACK Follow everyone who rts Gain #iphone #sougofollow #ff ti3¤
8344,Looool #steve_jobs #is #saudi #lol #he #made #apple #iphone #iphone5s #nice #cool Steve… http://instagram.com/p/fgAYzTgbds/
8345,@Pharrell we asked to use your great song in a #videoproject with kids and sadly our request was rejected. But why?? #sony /ATV
8346,Photo: Look who’s happy with her new pink hard case. #selfie #hardcase #samsung #s3 #kiddo http://tmblr.co/Zg55sx1O-4JY4
8347,My new #iphone #instalike #instagood #likesforlikes #igers #likes #likeall #instaswag… https://instagram.com/p/78ZlFSmwaz/
8348,The #LadyM #apple stairway to #fresh #galette aux #pommes for an #adventure filled day… https://www.instagram.com/p/BCNhaHMCahY/
8349,Missing the lantern vibe . . . . . . . . . . . . . . . . #Taiwan #Travelita #backpacker #Escape #fff #life #Laugh #YOLO #traveler #Moment #Captured #lights #Sony… https://www.instagram.com/p/BllLS4VFAN0/?utm_source=ig_twitter_share&igshid=1tebkiij0ugg1 …
8350,NEW FORUM Please help spread the word! We are on a mission to help others. #Sony #ps4 #E3 #E32016 #gaming #nice #positive #new #hey
8351,"It's a killer, except at launch the CEO tried to exhibit facial recognition... & it wouldn't work - someone's going to get fired!"
8352,"Post workout meal, no time to get some real food. #fruits #healthy #quick #mmm #mango #pear #apple http://instagr.am/p/No0jptwEk9/"
8353,on the phone with @helmutthecow #bestfriends #cow #pig #phone #iphone pic.twitter.com/pPLjdYcwjU
8354,I've just got my new case ! #union #jack #flag #new #case #me #mirror #weird #face #samsung … http://instagram.com/p/Z5k1zBR3dd/
8355,So my phone decided not to work last night/today. Sorry if you try to get ahold of me. … http://instagram.com/p/fqJ3CbSiEk/
8356,Seriously I would rather still have a Motorola wings #hateios7 #hate02
8357,Didn't think id notice the upgrade from the 3gs to the 4 that much. Wrong. #iphone #alloveragain
8358,"Mail from the reseller - my new 13"" MacBook Pro finally arrived at the store, should be here tomorrow or saturday! #apple #MBP"
8359,Lebron James! #swag #swagger #sky #dog #cat #sports #miami #heat #iphone #new #followme #edit #sick #paintpic.twitter.com/1s5LF1lrkr
8360,"I my #Apple products: #MacBookPro , #iPhone 3GS & #universaldock !!! NeXT stop? #iMac ""27 #smile http://twitpic.com/qjjs1"
8361,"We would like to wish you an amazing day! Make every minute count #tls #today #iphone #accessories #news #life March 18, 2017 at 07:0…"
8362,"oh joy... another pair of ""amazing"" headphones from apple #apple #headphones"
8363,"Zebra ""LOVE"" for your #iPad & #iPhone http://bit.ly/n70dJl Get FREE economy shipping on $50 orders Use Code... http://ff.im/-HoWlI"
8364,I do i my #iwatch sooooo much hehehe we're both compatible...#iphone #iphone5 #iphone6… https://instagram.com/p/6BYtTiG0d7/
8365,"https://goo.gl/5fdVaQ https://goo.gl/XoMQqf https://goo.gl/GHRmkj Sir, Please Visit my all #fiverr profile. it is helpful my profile Thanks. #shopify #news #sports #health #trump #USA #Russi #Food #iphone #android ...................... https://twitter.com/BradSmi/status/950457870687981568 …"
8366,Spread your happiness easily.....SMILE :D #aceoflife #ff #friends #gratitude #ipad #iphone #blackberry #entrepreneur
8367,Write your name with fire https://goo.gl/G3HxAv #android #apps #beautiful #cute #colors #igers #iphoneonly #iphone #HalaMadrid #usa
8368,@ImaniFatima_ <<<<< #FollowSunday #FOLLOWBACK #RT #TeamFollowback #Follow #RETWEET #Iphone... Keep doing ya thing
8369,This picture will never get old for me. #Father #Leader #Money #Motorola #Dreads #GoneButNeverForgottenpic.twitter.com/iYJDkq93Av
8370,Don't ever bother buying a new iPod touch to replace your old one. It's a nightmare trying to transfer all the data.
8371,It's makeover mania http://bit.ly/eKA7VV #nicknamespeoplehaveforme #uknowurhigh #twittercrush #zara #portal2 #beauty #iphone #ipad
8372,"We would like to wish you an amazing day! Make every minute count #tls #today #iphone #accessories #news #life June 16, 2017 at 07:00…"
8373,Trying to set up a new Mac for mother in law. More painful than worst tech support call I've ever had.
8374,Finally my baby has arrived I just love it #london #uk #ps4 #games #sony #playstation4 @ Timber… http://instagram.com/p/hTznfghlEM/
8375,It's #coffee time.. #apple #india #3gs #instagram #ios5 #iphone #random #comments #likes #filter http://instagr.am/p/TpoYU/
8376,PHD #pizza #delivery #fat #tummy #apple #chickenwings #foodporn #foodgasm #instafood nocrop_rc… http://instagram.com/p/xjp-QuG3pB/
8377,My phone is fixed!!! All is right in the world. #iphone6 #fixed #5hourswaiting #newsystemplease #Apple
8378,Photo: Feeling so blessed #abudhabi #abudhabilife #laptop #sony #sonyvaio #white http://tmblr.co/ZULq7x164DdCx
8379,Wow what a great day. #iphonex arrived and it’s amazing. New #warcraft expansion announced which also sounds amazing.
8380,"#Saturday! #Wealwaysfollowback! Show your support by downloading our #ios #app,s!! Search 'Fresh Cabbage' in the #apple market! #f4f"
8381,It's amazing how animals just know when ur sad. #cats #animals #amazing #vsco #pets #nature #iphone #apple pic.twitter.com/xpWdK1ly03
8382,#Apple - the new Apple Music App BLOWS. What happened to Family Sharing and Radio? Interface design much? #AppleMusic
8383,Beers black-ops and chillas.. #chillin #Cod #blackops #tv #samsung #ipadmini #budweiser #lads #chill http://instagr.am/p/S_eEYQxhdV/
8384,#instagram #filter #iphone #twitter #words S/O to #falling in love for the first #time #color #life #true # http://instagr.am/p/L0f1p/
8385,Notorious Serial Killers (Part Book 1) (Kindle Edition) http://amzn.to/2FCSYKX #Filton #Sony #DonaldJTrump
8386,iphones suck. #iphone #apple #suck #cheap #nopower #gimmick #haha #lol #fall #broken #mac #world http://instagram.com/p/oHUWMKpl_Z/
8387,@megwebster @rachel_mcginn haha so annoying why the $&@*# can't they just write what one it is on it
8388,Can't wait for my new laptop to arrive! Got a 2TB portable hard drive for £84 & it looks retro!! Thank you #Samsung <3 #Dell #cheap
8389,Follow @capetownsup on Instagram http://mf.tt/7cPhA #sup #surf #fun #capetown #funny #sexy #me #samsung pic.twitter.com/0tOoDCEFid
8390,"Zebra ""LOVE"" for your #iPad & #iPhone http://bit.ly/n70dJl Get FREE economy shipping on $50 orders Use Code FREESHIPFORU ends 8/1"
8391,Touch down potipot island!! #summer #heat #island #beach #me #iphone #cute #iphone5… http://instagram.com/p/XZEVOLogDd/
8392,Guten Morgen - Good Morning #royalblood #vinyl #sony #logitech #black #white #red #lips #lp … http://instagram.com/p/uAKp1LIMO9/
8393,Thank u #iphone & #apple 4 whipping out all my messages w/new grade. pic.twitter.com/tQK7MxZtWW
8394,WHY MICHELLE CAME HOME http://ow.ly/2uXZI #tcot #NASCAR #theater #movies #single #$&@*# #iPad #iPhone #windows7
8395,@soojasaurus That makes me doubt your Googling skills b/c the site is speeddatingcolumbus.com Haha maybe it's b/c you have Apple
8396,RelaxInMiami: RomuIoFernandes: Beacuse I'm Happy ...󾠃󾠔 #pharrellwilliams #SouthBeach #MiamIBeach #sony #Bra… http://fb.me/ThfRNfZS
8397,Hi selfieeee #shoutouts #indian #malayali #fun #tbt #tbs #tagging #photography #iphone #users… http://instagram.com/p/w9H1DAPAkn/
8398,#schoolshooting #isis #911 #offensive #racist #edgy #firstpost #iphone #pe... (Vine by 9/11 did Bush) https://vine.co/v/e0u5PlBtEmD
8399,With little sister;) #instagram #instadaily #me #with #littlesister #sister #like #miror #iPhone http://instagr.am/p/NVY7Sso-S-/
8400,I'll him #forever :) #phonto #followers #webstagram #photography #iphone #ig #iphoneography #igshowand http://instagr.am/p/H2JzpVkrIF/
8401,Youtube Shows iPhone 7 VR #Camera; #Apple Fans Are #Tech... http://tin.ci/h/8tB_12 pic.twitter.com/O97hwRAdVB
8402,B e a c h Tempos de #summertime #sun #Likes #Beach #brasil #sony #Lens… https://www.instagram.com/p/BSTmcpmBXH1/
8403,Happy 18th baby! @drewkeo #party #mirror #picoftheday #likeforlike #follow #jj #iphone… http://instagram.com/p/b7mtQehwIQ/
8404,Who would've thought getting your screen fixed would result in all your pics and videos lost!? #iphonesucks #androidnext
8405,Here you are my dear! #iphone #iphone6plus #apple ly #amazing me #happiness #joy... http://fb.me/3lFsAGtSl
8406,I'm so excited to get my pink s4! I'm so done with this iPhone! #ugh #excited
8407,"Dear #iphone5 FUCK YOU!! YOURE MAKING MY 4 CRASH, RUN SLOW, AND ALL MY APPS ARE FUCKED UP! #apple #technology #stupid #fml"
8408,I don't know what will make me but I know it's not a refrigerator with apps #samsung
8409,Going to charge my phone at the gym since all of my chargers have broken
8410,I appreciate the free stuff you have given us for having PS+ but you are taking the piss. @Sony FUCK YOU. #nodriveclub #nodrm #sony
8411,My love :-)) #my #tattoo #blond #hair #girlfriend #kiss #boy #czech #photo #iphone #eyes #life… http://instagram.com/p/bBl_EYjGAb/
8412,"DJ friend of mine had laptop issues last night...I told him to plug the 1/8 cord into his phone to play music til I got there. But he has a CRAPPLE @Apple phone, no headphone jack!! He should get a @Samsung like me, problem would've been solved!"
8413,"New phone, new me. Don't know how to use this :-P #newphone #Sony #XperiaE"
8414,Got my beauty back #samsung #s4 #white #new by ievya http://bit.ly/1ddFEtM http://fb.me/Iik4CRGE
8415,Thinking of an iphone5? think again. The only 4G network on which the iPhone 5 will work is that of EE.
8416,#IPHONE CASES COMING SOON! CHECK WEBSITE #cute #igers #style #swag #fashion #pretty #instacool… http://instagram.com/p/saScj0uLhL/
8417,This feeling when you lose your appstore approval virginity… #ios #Apple #appstore pic.twitter.com/dzz4jzegyz
8418,"We would like to wish you an amazing day! Make every minute count #tls #today #iphone #accessories #news #life November 29, 2014 at..."
8419,"Ready, set, listen! #Data is out now! @NAMESSTRANGE #newmusic #friday #al$&@*# #release #name #strange #music #proud #recordlabel #apple #spotify #googleplay #amazonpic.twitter.com/J11VujANBG"